Subreddit,Type,Title,URL,Scraped_at
LenovoLegion,lenovo_topic,,2026-01-25 16:58:54
LenovoLegion,lenovo_topic,,2026-01-25 16:58:54
LenovoLegion,lenovo_topic,,2026-01-25 16:58:54
LenovoLegion,discussion,Your New Legion: The Essential Setup & Check GuideAnnouncementvotes •comments,/r/LenovoLegion/comments/1lvf6lw/your_new_legion_the_essential_setup_check_guide/,2026-01-25 16:58:54
LenovoLegion,discussion,Message from Clifford (Lenovo) regarding Pixelshift/Image Cleaning on Gen 10 OLED PanelsLenovo Newsv...,/r/LenovoLegion/comments/1oo38q2/message_from_clifford_lenovo_regarding/,2026-01-25 16:58:54
LenovoLegion,discussion,What is the best way to preserve the battery,/r/LenovoLegion/comments/1qmahdt/what_is_the_best_way_to_preserve_the_battery/,2026-01-25 16:58:54
LenovoLegion,discussion,My First Gaming Laptop,/r/LenovoLegion/comments/1qjxxm1/my_first_gaming_laptop/,2026-01-25 16:58:54
LenovoLegion,discussion,New Lenovo Legion 5,/r/LenovoLegion/comments/1qmjmpo/new_lenovo_legion_5/,2026-01-25 16:58:54
GamingLaptops,lenovo_topic,,2026-01-25 16:58:58
GamingLaptops,lenovo_topic,,2026-01-25 16:58:58
GamingLaptops,lenovo_topic,,2026-01-25 16:58:58
GamingLaptops,lenovo_topic,,2026-01-25 16:58:58
GamingLaptops,discussion,ASUS ROG Laptops are Broken by Design: A Forensic Deep DiveOfficialvotes •comments,/r/GamingLaptops/comments/1pw3qud/asus_rog_laptops_are_broken_by_design_a_forensic/,2026-01-25 16:58:58
GamingLaptops,discussion,Heads up! Impending Price Hikes for Gaming Laptops⚠️ WARNINGvotes •comments,/r/GamingLaptops/comments/1p8vjyl/heads_up_impending_price_hikes_for_gaming_laptops/,2026-01-25 16:58:58
GamingLaptops,discussion,More RGB = More FPS,/r/GamingLaptops/comments/1qmcbnc/more_rgb_more_fps/,2026-01-25 16:58:58
GamingLaptops,discussion,gaming plus study setup,/r/GamingLaptops/comments/1qkugfp/gaming_plus_study_setup/,2026-01-25 16:58:58
GamingLaptops,discussion,Is this regular temperature? For my laptop?,/r/GamingLaptops/comments/1qly4mx/is_this_regular_temperature_for_my_laptop/,2026-01-25 16:58:58
Lenovo,discussion,Lenovo's response to Intel 13th and 14th Generation Desktop Processor Instability (Device SN Identif...,/r/Lenovo/comments/1eu26fo/lenovos_response_to_intel_13th_and_14th/,2026-01-25 16:59:03
Lenovo,discussion,Does anyone know what’s wrong with my Lenovo Ideapad S145?,/r/Lenovo/comments/1qmfbrc/does_anyone_know_whats_wrong_with_my_lenovo/,2026-01-25 16:59:03
Lenovo,discussion,Rate my Setup,/r/Lenovo/comments/1ql1hme/rate_my_setup/,2026-01-25 16:59:03
Lenovo,discussion,The duality of life,/r/Lenovo/comments/1qmgqos/the_duality_of_life/,2026-01-25 16:59:03
