Query,Type,Title,Scraped_at
lenovo legion y540,My legion Y540 still serving me after 5 years,https://www.reddit.com/r/LenovoLegion/comments/1o7tk8q/my_legion_y540_still_serving_me_after_5_years/,2026-01-25 18:47:32
lenovo legion y540,Is buying Lenovo Legion Y540 worth it?,https://www.reddit.com/r/GamingLaptops/comments/1p03cuw/is_buying_lenovo_legion_y540_worth_it/,2026-01-25 18:47:32
lenovo legion y540,Upgrading from a Y540.,https://www.reddit.com/r/LenovoLegion/comments/1pyzrmj/upgrading_from_a_y540/,2026-01-25 18:47:32
lenovo legion y540,Lenovo Legion Y540,https://www.reddit.com/r/reddit_ukr/comments/1qhy2e2/lenovo_legion_y540/,2026-01-25 18:47:32
lenovo legion y540,Lenovo Legion y540,https://www.reddit.com/r/PCbuild_ua/comments/1qi4sj2/lenovo_legion_y540/,2026-01-25 18:47:32
lenovo legion y540,Lenovo Legion Y540,https://www.reddit.com/r/ifixit/comments/1ms284j/lenovo_legion_y540/,2026-01-25 18:47:32
lenovo legion y540,Worth the upgrade from a legion y540?,https://www.reddit.com/r/GamingLaptops/comments/1k8skks/worth_the_upgrade_from_a_legion_y540/,2026-01-25 18:47:32
legion y540 overheating,My legion Y540 still serving me after 5 years,https://www.reddit.com/r/LenovoLegion/comments/1o7tk8q/my_legion_y540_still_serving_me_after_5_years/,2026-01-25 18:47:35
legion y540 overheating,Lenovo y540 i5 overheating?,https://www.reddit.com/r/LenovoLegion/comments/1qbty87/lenovo_y540_i5_overheating/,2026-01-25 18:47:35
legion y540 overheating,Lenovo legion y540 overheating,https://www.reddit.com/r/Lenovo/comments/pl1jst/lenovo_legion_y540_overheating/,2026-01-25 18:47:35
legion y540 overheating,Legion y540 overheating on battery,https://www.reddit.com/r/Lenovo/comments/r2en8l/legion_y540_overheating_on_battery/,2026-01-25 18:47:35
legion y540 overheating,Overheating lenovo legion y540,https://www.reddit.com/r/pcmasterrace/comments/ik86cl/overheating_lenovo_legion_y540/,2026-01-25 18:47:35
legion y540 overheating,Lenovo Legion y540 Heat issue,https://www.reddit.com/r/Lenovo/comments/hzudde/lenovo_legion_y540_heat_issue/,2026-01-25 18:47:35
legion y540 overheating,"Legion 5-15ACH6A Overheating - CPU instant 101°C (GPU 104°), Tried Everything!",https://www.reddit.com/r/LenovoLegion/comments/1la5zzw/legion_515ach6a_overheating_cpu_instant_101c_gpu/,2026-01-25 18:47:35
legion y540 review,Worth the upgrade from a legion y540?,https://www.reddit.com/r/GamingLaptops/comments/1k8skks/worth_the_upgrade_from_a_legion_y540/,2026-01-25 18:47:39
legion y540 review,Is a Legion Y540 15IRH-PG0 still worth it in 2025?,https://www.reddit.com/r/GamingLaptops/comments/1k93ba5/is_a_legion_y540_15irhpg0_still_worth_it_in_2025/,2026-01-25 18:47:39
legion y540 review,Legion 5i Pro 2024 – 2 Week Honest User Review,https://www.reddit.com/r/LenovoLegion/comments/1pvcnuw/legion_5i_pro_2024_2_week_honest_user_review/,2026-01-25 18:47:39
legion y540 review,5 Year Old Legion Y540 to Helios Neo 14,https://www.reddit.com/r/GamingLaptops/comments/1jt97pc/5_year_old_legion_y540_to_helios_neo_14/,2026-01-25 18:47:39
legion y540 review,Lenovo Legion y540-15IRH,https://www.reddit.com/r/Lenovo/comments/1fum5dy/lenovo_legion_y54015irh/,2026-01-25 18:47:39
legion y540 review,My horror story with Legion Y540,https://www.reddit.com/r/IndianGaming/comments/provd5/my_horror_story_with_legion_y540/,2026-01-25 18:47:39
legion y540 review,"Lenovo Legion y540, i7-9750h, rtx2060",https://www.reddit.com/r/LenovoLegion/comments/1gtabni/lenovo_legion_y540_i79750h_rtx2060/,2026-01-25 18:47:39
